AAAGTAGAGTTCGCGC-1	[ORF10]
AACACGTGTATAATGG-1	[ORF3a]
ATGAGGGGTGTGACCC-1	[surface glycoprotein]
CAAGGCCGTAGCGCTC-1	[ORF7b]
CAAGGCCTCTCCGGTT-1	[surface glycoprotein]
CAGGTGCAGAATGTGT-1	[surface glycoprotein]
CCGTGGAAGTATCGAA-1	[ORF3a]
CCTTCCCTCGCCAAAT-1	[membrane glycoprotein]
CGTAGGCAGATAGGAG-1	[surface glycoprotein, ORF1ab]
GCTGGGTTCCGCATCT-1	[membrane glycoprotein]
GTACGTACAAGGGTCA-1	[envelope, membrane glycoprotein]
TAAGCGTCACGTAAGG-1	[ORF3a]
CAGCGACGTAGCCTCG-1	spike
GAACATCCAAAGGAAG-1	[ORF8, ORF7a, surface glycoprotein]
GATGAAAAGGAGCGTT-1	[ORF10]
GCATGTAAGTACGCCC-1	[nucleocapsid phosphoprotein]
GTACGTAGTGTGACGA-1-1	[ORF7b, ORF7a]
TGGGAAGTCTGATACG-1	[ORF3a]
