Cell_Index,Cell_Type_Experimental
752503,T_CD4_memory
187120,T_CD4_naive
352573,T_CD4_naive
35153,T_CD4_memory
810616,T_CD8_memory
647415,T_CD4_memory
842098,T_CD4_memory
630936,T_CD4_memory
561650,T_CD4_naive
584298,T_CD4_naive
323611,B
133143,T_CD4_memory
35498,T_CD4_naive
352162,T_CD4_memory
884119,T_CD4_memory
384374,T_CD4_memory
302907,T_CD4_memory
101103,T_CD4_naive
396137,T_CD4_memory
194101,T_CD4_memory
19786,T_CD4_naive
628536,T_CD4_naive
686228,T_CD4_memory
87939,T_CD4_naive
384244,B
571161,T_CD4_naive
407661,T_CD4_memory
529720,B
63596,T_CD4_naive
218914,T_CD4_memory
251576,T_CD4_memory
697496,T_CD8_memory
155047,T_CD4_memory
498606,T_CD4_memory
467673,T_CD4_memory
59617,T_CD4_memory
460335,T_CD4_memory
236187,T_CD4_memory
365096,T_CD4_memory
84155,T_CD4_naive
199467,B
594161,T_CD4_naive
407522,T_CD4_memory
492898,B
146303,T_CD4_memory
826241,T_CD4_memory
44439,T_CD4_naive
456068,T_CD4_memory
312526,T_CD4_memory
152787,T_CD4_memory
248653,T_CD4_memory
870637,T_CD4_memory
657316,T_CD4_memory
708092,T_CD4_memory
371358,T_CD8_memory
465739,T_CD4_memory
640931,B
390416,T_CD4_memory
88024,T_CD4_memory
503175,T_gamma_delta
300616,T_CD4_memory
538856,T_CD4_memory
661022,T_CD4_memory
411130,T_CD4_memory
393250,T_CD4_memory
654103,T_CD4_memory
799650,T_CD4_memory
654371,T_CD4_memory
131608,T_CD4_memory
548788,T_CD4_naive
820016,T_CD4_naive
249774,T_CD4_memory
407860,T_CD4_memory
484594,T_CD4_memory
34514,T_CD4_memory
636717,T_CD4_memory
611863,T_CD4_memory
508204,T_CD4_naive
83192,T_CD8_memory
391495,T_CD4_memory
602588,T_CD4_memory
2312,T_CD4_memory
631396,T_CD4_memory
332297,T_CD4_memory
439203,T_CD4_memory
425780,T_CD4_memory
105502,T_CD4_naive
155011,T_CD4_memory
508217,T_CD4_naive
863327,T_CD4_memory
269316,T_CD4_memory
448588,T_CD4_naive
858244,T_CD4_memory
151816,T_CD8_memory
375417,B
605929,T_CD4_memory
111654,T_CD4_memory
471666,T_CD4_memory
193941,T_CD4_memory
807909,T_CD4_memory
457128,T_CD4_memory
509372,T_CD4_memory
338125,B
491657,T_CD4_memory
37884,T_CD4_memory
156613,T_CD4_memory
795331,T_CD4_memory
361096,T_CD4_naive
500158,B
109010,T_CD4_memory
363273,T_CD4_naive
807139,T_CD4_memory
752292,B
473887,T_CD4_memory
790905,T_CD4_memory
274537,T_CD4_memory
30607,T_CD4_memory
65332,T_CD4_memory
479873,T_CD4_naive
368393,T_CD4_memory
724691,T_CD4_memory
203376,B
511798,T_CD4_memory
840227,T_CD4_memory
530570,T_CD4_memory
223072,B
590374,B
414726,B
223610,T_CD4_naive
686407,T_CD4_memory
753508,T_CD8_memory
602089,T_CD4_memory
9168,T_CD4_memory
281028,T_CD4_memory
176380,B
302770,T_CD4_memory
263,Natural_killer
195739,T_CD4_memory
65589,T_CD4_memory
102766,T_CD4_memory
425060,T_CD4_naive
775066,T_CD4_naive
401334,T_CD4_memory
92714,T_CD8_memory
679868,T_CD4_memory
838597,T_CD4_memory
217252,T_CD4_memory
300479,T_CD4_memory
751239,T_CD4_memory
436583,B
437160,T_CD8_naive
712575,T_CD4_memory
794824,T_CD4_memory
356506,T_CD4_memory
251526,T_CD4_naive
642311,T_CD4_memory
212930,T_CD4_memory
197741,T_CD4_memory
76067,T_CD8_naive
219630,T_CD4_memory
245296,B
375567,T_CD4_memory
653093,T_CD4_memory
447589,T_CD4_naive
198744,T_CD4_memory
631347,T_CD4_memory
616069,T_CD4_memory
256375,T_CD4_naive
362071,T_CD4_memory
203820,T_CD4_memory
60266,T_CD4_memory
210906,T_CD4_memory
439143,T_CD4_memory
8552,T_CD4_memory
521085,T_CD4_memory
137127,T_CD8_memory
205025,T_CD4_naive
224469,T_CD4_memory
33837,T_CD4_memory
575806,T_CD4_memory
869480,T_CD4_memory
190560,T_CD4_naive
586880,T_CD4_memory
596089,T_CD4_memory
758046,T_CD4_naive
621445,T_CD4_memory
33410,T_CD4_memory
235225,T_CD4_memory
98644,T_CD4_memory
148889,T_CD4_memory
395160,T_CD4_memory
132846,T_CD4_memory
378980,T_CD4_memory
231481,T_CD4_memory
822837,T_CD4_memory
306759,T_CD4_memory
747299,B
217139,T_CD4_memory
257094,T_CD4_memory
463999,T_CD4_memory
791913,B
49310,T_CD4_memory
726806,T_CD4_memory
747022,T_CD4_naive
630155,T_CD4_memory
506343,T_CD4_naive
830029,T_CD4_memory
158695,T_CD4_naive
803121,T_CD4_memory
542689,T_CD4_memory
397337,T_CD4_memory
105197,T_CD4_memory
77965,T_CD4_memory
236190,T_CD4_naive
601624,T_CD4_memory
776570,T_CD4_memory
792941,B
159084,T_CD4_memory
200862,T_CD4_naive
664053,T_CD4_memory
292421,T_CD4_memory
492748,T_CD4_memory
821693,T_CD4_naive
163909,T_CD4_memory
622199,T_CD4_memory
437930,T_gamma_delta
230770,T_CD4_memory
533010,T_CD4_memory
548665,T_CD4_memory
121159,T_CD4_memory
249288,T_CD8_memory
378824,B
379255,T_CD4_memory
563669,T_gamma_delta
257491,T_CD4_memory
219706,T_CD4_memory
333349,T_CD4_memory
254384,T_CD8_memory
637397,Natural_killer
830392,T_CD4_memory
27593,T_CD4_naive
82443,T_CD4_memory
321493,T_CD4_memory
692983,T_CD4_memory
762288,T_CD4_memory
633440,B
13168,T_CD4_naive
496745,T_CD4_memory
747024,T_CD4_memory
202772,Natural_killer
573503,T_CD4_memory
404453,T_CD4_memory
869139,T_gamma_delta
480371,T_CD4_memory
153678,B
459302,T_CD4_naive
291967,T_CD4_memory
466273,T_CD4_memory
162185,T_CD8_naive
350205,T_CD4_memory
788351,T_CD4_memory
442138,T_CD4_memory
498239,T_CD4_memory
96365,T_CD4_memory
470348,T_CD8_naive
571510,T_CD4_memory
757172,T_CD4_memory
450059,T_CD4_memory
504508,Natural_killer
120104,T_CD4_memory
493728,T_CD4_memory
254589,T_CD4_naive
141689,T_CD4_memory
875564,T_CD4_memory
192426,T_CD4_memory
485011,T_CD4_memory
846136,T_CD4_memory
750854,T_CD4_memory
80528,T_CD8_memory
451361,T_CD4_naive
695549,T_CD4_naive
546801,T_CD4_memory
648944,T_CD4_memory
286292,T_CD8_naive
329432,T_CD4_memory
378603,T_CD4_memory
202393,T_gamma_delta
266092,T_CD4_memory
373372,T_CD8_memory
173677,T_CD4_memory
731104,T_CD4_memory
801616,T_CD4_memory
127034,T_CD4_memory
456872,T_CD4_memory
705173,B
796003,Natural_killer
97633,T_CD4_memory
337878,T_CD4_memory
635949,T_CD4_memory
626123,T_CD4_memory
273456,T_CD4_memory
739400,T_CD4_memory
593247,T_CD4_memory
663540,T_CD4_memory
819171,T_CD4_memory
632778,T_CD4_naive
529249,T_CD4_naive
432799,T_CD4_memory
445457,T_CD4_memory
6134,T_CD8_memory
72040,B
744877,T_CD4_naive
62634,T_CD8_memory
194505,T_CD4_memory
324544,T_CD4_naive
458975,T_CD4_memory
216496,T_CD4_naive
293569,T_CD4_memory
479135,T_CD4_naive
171754,T_CD4_naive
625687,T_CD4_memory
858668,T_CD4_memory
653099,B
488034,T_CD4_naive
525089,T_CD4_memory
770218,T_CD4_memory
191519,T_CD4_memory
297025,T_CD4_memory
762968,B
449267,T_CD4_memory
369110,T_CD4_memory
652760,T_CD4_memory
208490,T_CD8_memory
102022,T_CD4_naive
458916,T_CD4_memory
609834,B
301817,T_CD4_memory
592,T_CD4_naive
126410,T_CD4_memory
219101,T_CD4_memory
707232,T_CD8_memory
425232,T_CD4_memory
455562,Natural_killer
496160,T_CD4_memory
61938,T_CD4_memory
172506,T_CD4_memory
725145,T_CD4_memory
279545,B
18393,T_CD4_memory
556352,T_CD8_memory
852205,T_CD4_memory
200287,T_CD4_memory
570966,T_CD4_memory
648542,T_CD4_memory
595451,T_CD4_naive
45720,T_CD4_memory
128065,T_CD4_memory
673223,T_CD4_memory
532869,T_CD4_memory
735977,T_gamma_delta
126290,T_CD4_naive
379433,B
358640,T_CD4_memory
505412,T_CD4_memory
130652,T_CD4_naive
523604,T_CD4_memory
656865,T_CD4_memory
251705,T_CD4_memory
722812,T_CD4_memory
356156,T_CD4_memory
345440,T_CD4_memory
39670,T_CD4_memory
125292,T_CD8_naive
750293,T_CD4_memory
577900,T_CD4_memory
238746,T_CD4_naive
574177,T_CD4_naive
120267,T_CD4_memory
617444,T_CD4_memory
845023,T_CD4_memory
133202,T_CD4_memory
346178,T_CD8_memory
649928,T_CD8_memory
238596,T_CD4_memory
586170,T_CD4_memory
93316,T_CD4_memory
836374,T_CD4_memory
323446,T_CD4_memory
385496,T_CD4_memory
554688,T_CD4_memory
58870,T_CD4_naive
318451,T_CD4_memory
384813,T_CD4_memory
619731,T_CD4_memory
257918,T_CD4_naive
281653,T_CD4_memory
66518,T_CD4_memory
500705,T_CD4_naive
7206,T_CD4_memory
450454,T_CD4_memory
381087,T_CD4_memory
581374,T_CD4_memory
468508,T_CD4_memory
31532,B
451351,T_CD4_memory
268955,T_CD4_naive
561214,T_CD4_memory
34188,Natural_killer
163320,T_CD4_memory
483566,T_CD4_naive
96276,T_CD4_memory
607183,T_CD4_memory
691081,T_CD4_memory
218204,T_CD4_memory
822797,T_CD4_memory
91723,T_CD4_naive
488607,T_CD8_memory
99115,T_CD4_memory
169893,T_CD4_memory
172404,T_CD4_memory
380630,T_CD8_memory
235409,T_CD4_memory
216383,T_CD4_memory
548336,T_CD4_memory
609938,T_CD4_memory
235264,T_CD4_naive
433777,T_CD4_memory
613103,T_CD4_memory
472879,T_CD4_memory
505731,T_CD4_memory
625620,T_CD4_memory
661751,B
36445,T_CD4_memory
537382,Natural_killer
560881,T_CD4_memory
555728,B
457370,T_CD4_memory
100484,T_CD8_memory
617946,T_CD4_memory
682603,T_CD4_memory
865009,T_CD4_memory
396665,T_CD4_memory
381577,T_CD4_memory
309695,T_CD4_memory
513690,T_CD4_memory
108251,T_CD4_naive
637200,B
361038,T_CD4_memory
7023,T_CD4_memory
824758,T_CD4_naive
322965,T_CD4_memory
592628,T_CD4_memory
642751,T_CD8_memory
45911,T_gamma_delta
587425,T_CD4_memory
510848,T_gamma_delta
363254,T_gamma_delta
712162,T_CD4_naive
793633,T_CD4_naive
475301,T_CD4_memory
845082,T_CD4_memory
523799,T_CD4_memory
676729,T_CD4_memory
771378,T_CD4_memory
596814,T_CD4_naive
357027,T_CD4_memory
237709,T_CD4_memory
720577,T_CD4_naive
855063,T_CD4_memory
231147,T_CD4_memory
805,T_CD4_memory
207320,T_CD4_memory
863922,T_CD4_naive
610047,T_CD4_memory
229793,T_gamma_delta
626080,B
533143,T_CD4_memory
260037,T_CD4_memory
272259,B
466043,T_CD8_memory
435831,T_CD4_memory
606122,T_CD4_naive
501355,T_CD4_memory
879904,B
10351,T_CD4_memory
627171,T_CD4_memory
412191,T_CD4_memory
357321,T_CD4_memory
74783,T_CD4_memory
810314,T_CD4_memory
859314,T_CD4_naive
13202,T_CD4_memory
58888,T_CD4_memory
556715,T_CD4_memory
605714,T_CD4_memory
83410,T_CD4_memory
338296,T_CD4_memory
379475,T_CD4_memory
526976,Natural_killer
672429,T_CD4_memory
603940,T_CD4_memory
720260,T_CD4_memory
456528,T_CD4_memory
197345,T_CD4_memory
187574,T_CD4_memory
526608,T_CD4_memory
645270,T_CD8_memory
31556,T_CD4_memory
142925,T_CD4_naive
882356,T_CD4_naive
394278,T_CD4_memory
499569,T_CD4_memory
401139,T_CD4_memory
456193,T_gamma_delta
45103,T_CD4_memory
443691,T_CD4_memory
189482,T_CD4_memory
611145,T_CD4_memory
742770,T_CD4_memory
160003,T_CD4_memory
402499,T_CD4_memory
190607,T_CD4_naive
482807,T_CD4_memory
766338,T_CD4_memory
37783,T_CD4_memory
427819,T_CD4_memory
74594,T_CD4_memory
65714,T_CD8_memory
342199,T_CD4_memory
813533,T_CD4_memory
880246,T_CD4_memory
163834,T_CD4_memory
620639,T_CD4_naive
312882,T_CD4_memory
215819,T_CD4_memory
456097,T_CD4_memory
543350,T_CD4_memory
296578,T_CD4_memory
303866,T_CD4_memory
335455,T_CD4_naive
718184,T_CD8_memory
473285,T_CD4_memory
201932,T_CD4_naive
846765,T_CD4_memory
152720,T_CD8_memory
213359,T_CD4_memory
446606,T_CD4_memory
532743,T_CD4_memory
710065,T_CD4_memory
128491,T_CD4_memory
744841,T_CD4_memory
138763,T_CD4_memory
346498,T_CD4_memory
578590,T_CD4_naive
575065,T_CD8_memory
799432,T_CD4_memory
419246,T_CD4_memory
387036,T_CD8_memory
639556,T_CD4_memory
630877,T_CD4_memory
846331,T_CD4_memory
504454,T_CD4_memory
207554,T_gamma_delta
580627,T_CD4_memory
231696,T_CD4_memory
209526,T_CD4_memory
129698,T_CD4_memory
187275,T_CD8_naive
359261,T_CD4_memory
471929,T_CD4_memory
710637,T_CD4_naive
868230,T_CD4_memory
148067,T_CD4_memory
109114,T_CD4_memory
519694,T_CD4_memory
678674,T_CD4_naive
4309,T_CD4_memory
90344,T_CD4_memory
583684,T_CD4_memory
354427,T_gamma_delta
360671,T_CD4_memory
722510,T_CD4_memory
344117,T_CD4_memory
566867,T_CD8_memory
244699,B
462822,T_CD4_naive
189663,T_CD4_naive
371556,T_CD4_naive
603771,T_CD4_memory
876214,T_CD4_memory
165919,T_gamma_delta
878195,T_CD4_memory
760215,T_CD4_memory
88674,T_CD4_memory
165515,T_CD8_memory
324824,T_CD4_memory
324430,T_CD4_memory
492267,T_CD4_memory
104586,B
75212,T_CD4_naive
324191,T_CD4_memory
570126,T_CD4_naive
709999,T_CD4_memory
690818,T_CD4_memory
585647,T_CD4_naive
855469,T_CD4_memory
71127,T_CD4_memory
659020,T_CD4_memory
258639,T_CD4_memory
568181,T_CD4_memory
45917,T_CD4_memory
251152,Natural_killer
61280,T_CD8_memory
468207,T_CD8_memory
227531,Natural_killer
243871,T_CD4_memory
247858,T_CD4_memory
224756,T_CD4_memory
431911,T_CD4_memory
496602,T_CD4_memory
839931,T_CD4_memory
774645,T_CD4_memory
64262,T_CD4_memory
191128,T_CD4_memory
267743,T_CD4_memory
784745,T_CD8_memory
397488,T_CD4_memory
648195,T_CD4_memory
235425,B
524549,T_CD4_memory
423563,T_CD4_memory
457268,Natural_killer
264328,T_CD4_memory
342387,T_CD4_memory
658277,T_CD4_memory
833819,T_CD4_memory
839636,T_CD4_memory
1354,T_CD4_memory
448794,T_CD4_memory
528525,T_CD4_memory
650009,T_CD4_naive
69660,T_CD8_memory
317227,T_gamma_delta
56022,T_CD4_memory
213322,T_CD4_naive
726927,T_CD4_memory
399947,T_CD8_memory
577531,T_CD4_memory
595299,T_CD4_memory
525146,T_CD4_memory
117679,T_CD8_memory
270433,T_CD4_memory
331788,T_CD4_memory
632592,T_CD4_memory
190563,T_CD4_memory
272120,T_CD4_memory
73549,T_CD4_memory
818821,T_CD4_naive
261925,T_CD4_memory
780820,T_CD4_memory
173117,T_gamma_delta
25238,T_CD4_memory
482495,T_CD4_memory
93458,T_CD8_memory
570469,T_CD4_memory
201521,T_CD4_memory
750756,T_CD8_memory
444865,B
865413,T_CD4_memory
529237,T_CD4_memory
102397,B
95450,T_CD8_memory
365352,T_CD4_memory
427912,T_CD4_memory
38511,T_CD4_memory
429564,T_CD4_naive
617799,T_CD4_naive
233462,T_CD4_memory
325884,T_CD4_memory
536091,T_CD4_naive
821614,B
97811,T_CD4_memory
104610,T_CD4_naive
583305,T_CD4_memory
733967,T_CD4_memory
517937,T_CD4_memory
708057,T_CD4_memory
661721,T_gamma_delta
803858,T_CD4_memory
640407,T_CD4_memory
129890,Natural_killer
466904,T_CD4_memory
440053,T_CD4_memory
273249,T_CD4_memory
303626,T_CD4_memory
591075,T_CD4_memory
132425,T_CD4_memory
386288,T_CD4_memory
364061,T_CD4_memory
14605,T_CD4_memory
151422,B
651097,T_gamma_delta
590770,T_CD4_memory
466585,T_CD4_naive
753657,Natural_killer
535170,T_CD4_memory
73961,T_CD4_memory
626097,T_CD4_memory
743913,T_CD4_memory
40848,T_CD4_naive
28352,T_CD4_memory
624932,T_CD4_memory
228343,T_CD8_memory
712078,T_CD4_memory
805229,T_CD4_memory
1168,T_CD4_memory
382219,T_CD4_memory
235654,T_CD4_memory
715416,T_CD8_memory
191573,B
773467,T_CD4_memory
692627,T_gamma_delta
377894,T_CD4_memory
652023,T_CD4_naive
169691,T_CD4_memory
190241,T_CD4_memory
30136,T_CD4_naive
542746,T_CD4_memory
3153,B
43456,T_CD4_memory
151191,T_CD4_memory
421062,T_CD8_naive
433203,T_CD4_memory
448072,T_CD4_memory
750433,T_CD4_memory
785807,T_CD4_memory
280416,T_CD4_memory
543115,T_CD4_memory
40513,T_CD4_memory
205200,Natural_killer
342483,T_CD4_memory
113429,T_CD4_memory
550410,T_CD4_memory
367158,T_CD4_memory
21643,Natural_killer
59466,T_CD4_memory
308054,T_CD4_memory
576739,T_CD4_naive
297576,T_CD4_memory
103553,T_CD4_memory
672308,T_CD4_naive
102334,T_CD4_memory
62117,T_CD4_memory
62652,T_CD4_memory
647368,T_CD4_memory
847287,T_CD4_memory
701958,T_CD8_memory
130729,T_CD4_memory
868037,T_CD4_naive
41052,T_CD4_memory
134070,T_CD8_memory
618666,T_CD4_naive
321663,T_CD8_memory
843640,T_CD4_memory
858366,T_CD4_memory
66129,T_CD4_memory
165504,T_CD4_memory
572271,T_CD4_memory
90783,Natural_killer
490706,T_CD8_memory
865937,T_CD4_memory
229058,T_CD4_memory
6873,T_gamma_delta
237787,T_CD4_memory
130477,T_CD4_memory
727941,T_CD4_memory
98154,T_CD4_memory
139615,T_CD4_memory
847045,T_CD4_memory
462971,T_CD4_memory
133142,Monocyte_nonclassical
362927,T_CD4_memory
504749,T_CD4_memory
831723,B
283420,T_CD4_memory
539808,T_CD4_naive
635906,T_CD4_memory
767470,T_CD4_memory
552299,T_CD4_naive
771215,T_CD4_memory
755327,T_CD4_memory
283016,T_CD4_memory
754965,T_CD4_memory
630274,T_CD4_memory
650973,T_CD4_memory
169940,T_CD4_memory
598399,T_CD4_memory
522147,T_CD4_memory
305474,B
877838,T_CD4_memory
111492,T_CD4_naive
847435,T_CD4_memory
315806,T_CD4_memory
843975,T_CD4_memory
405500,T_CD4_naive
741382,T_CD4_memory
518524,Natural_killer
47302,T_CD4_memory
147978,T_CD4_memory
331255,T_CD4_memory
230066,T_CD4_naive
466567,T_CD4_memory
743586,Natural_killer
819262,T_CD4_memory
589837,B
797780,T_CD8_memory
211158,T_CD4_memory
688694,T_CD4_memory
150609,B
552980,T_CD4_memory
123543,Natural_killer
158582,T_CD4_memory
99444,T_CD4_naive
35687,B
744165,T_CD8_memory
212285,T_CD4_memory
848770,T_CD4_memory
591568,T_CD4_memory
7552,T_CD4_memory
645656,Natural_killer
297451,T_CD4_memory
564117,T_CD4_memory
842401,T_CD4_naive
299170,B
463241,T_CD4_memory
73479,T_CD4_memory
211245,T_CD4_memory
486027,Natural_killer
764218,T_CD4_memory
96945,T_CD4_memory
189430,B
335895,T_CD4_memory
463578,T_CD4_naive
722156,T_CD4_memory
1715,T_CD4_memory
645934,T_CD4_memory
27333,T_CD8_naive
166957,T_CD8_memory
481308,T_CD4_memory
837343,T_CD4_memory
266454,T_CD4_memory
274232,T_CD8_memory
658724,T_CD4_memory
318294,T_CD4_memory
515670,T_CD4_memory
35445,T_CD4_memory
105357,T_CD4_memory
331151,T_CD4_memory
110563,T_CD4_memory
235195,T_CD4_memory
221022,T_CD4_memory
511791,T_CD4_memory
320873,T_CD4_memory
329575,T_CD4_memory
327663,T_CD4_memory
133483,T_CD4_memory
602314,T_CD8_memory
218197,T_CD4_memory
277077,T_CD4_memory
740475,T_CD4_naive
224978,T_CD4_memory
243495,B
353093,T_CD4_memory
338642,T_CD4_memory
253438,T_CD8_naive
264059,T_CD8_memory
145537,T_CD4_naive
561462,T_CD8_naive
213797,T_CD4_memory
643782,T_CD4_memory
726046,T_CD4_memory
449519,T_CD8_memory
345374,T_CD4_memory
457993,T_CD4_memory
773507,T_CD4_memory
248876,T_CD4_memory
648985,T_CD4_memory
186096,T_CD4_memory
646246,Natural_killer
815471,T_CD4_memory
266984,T_CD4_memory
382950,T_CD4_memory
460858,T_CD4_memory
55027,T_CD4_memory
176639,T_gamma_delta
658340,T_CD4_memory
485330,T_CD4_memory
186653,T_CD4_memory
67104,T_CD4_memory
345578,T_CD4_memory
98632,T_CD4_memory
489694,T_CD4_memory
108402,T_CD4_memory
402140,T_CD4_memory
313796,T_CD4_memory
422394,T_CD4_memory
97900,T_CD4_memory
759360,T_CD8_memory
278814,T_CD4_memory
652775,T_CD4_memory
170446,T_CD4_memory
529694,T_CD4_memory
766249,Natural_killer
778491,Natural_killer
162262,T_CD4_memory
786751,T_CD4_memory
23515,T_CD4_memory
325141,T_CD8_naive
740694,T_CD8_memory
158957,T_CD8_memory
136692,T_CD4_memory
650465,T_CD4_memory
696784,T_CD8_memory
34927,T_gamma_delta
858615,T_CD4_memory
138888,T_CD4_memory
511237,T_CD8_memory
48165,T_CD4_memory
319873,T_CD4_memory
352071,T_CD4_memory
421279,T_CD4_memory
226502,T_CD4_memory
321587,T_CD4_naive
319744,T_gamma_delta
705602,T_CD4_naive
844453,T_CD8_memory
701298,T_CD8_naive
158513,T_CD4_memory
188382,T_CD4_memory
662297,T_CD8_memory
177958,T_CD4_memory
629754,T_CD4_memory
217240,T_CD4_memory
14902,T_CD4_memory
813464,T_CD4_naive
422850,T_CD4_memory
841500,T_CD4_memory
250001,T_CD4_naive
408260,T_CD4_memory
748689,T_CD4_memory
84856,T_CD8_memory
181071,T_CD4_memory
854027,T_CD8_memory
323613,Natural_killer
738469,T_CD4_memory
236526,T_CD8_memory
776462,T_CD4_memory
25244,T_CD8_memory
296083,T_CD4_memory
458720,B
859127,T_CD4_memory
821558,T_gamma_delta
98246,T_CD4_memory
465754,T_CD4_memory
499031,T_CD4_memory
28777,Natural_killer
352430,Natural_killer
550629,T_CD4_memory
798245,T_CD4_naive
256710,T_CD4_memory
536698,T_CD4_memory
404013,T_CD4_memory
491695,T_CD4_memory
631645,T_CD4_memory
126789,T_CD4_memory
818943,T_CD4_memory
195425,T_CD4_memory
494848,Natural_killer
836170,T_CD4_memory
65360,T_CD4_memory
432672,B
381554,T_CD4_memory
382782,T_CD4_memory
861260,T_CD4_memory
397211,T_CD4_memory
827056,T_CD4_memory
82214,T_CD4_memory
137218,Natural_killer
309011,T_CD4_memory
402690,T_CD4_memory
17019,T_CD4_memory
680060,T_CD4_memory
694596,T_CD4_memory
38155,T_CD4_naive
380281,T_CD8_memory
794567,T_CD4_memory
688465,T_CD4_memory
875040,Natural_killer
143172,T_CD4_memory
518902,T_CD4_memory
601185,T_CD4_memory
625099,T_CD4_memory
400149,T_CD4_memory
199252,T_CD4_memory
297084,Natural_killer
290761,T_gamma_delta
288068,T_CD4_memory
773045,T_CD4_memory
97198,T_CD4_memory
188900,T_CD4_memory
134248,B
302942,T_CD4_memory
840196,T_CD4_memory
538984,T_CD8_memory
861337,T_CD8_memory
393162,T_CD8_memory
624996,T_CD8_memory
725175,T_CD4_memory
247285,T_CD4_memory
527116,T_CD4_memory
659128,T_CD4_memory
696788,T_CD8_memory
526946,T_CD8_memory
810491,T_CD8_memory
736396,T_CD4_memory
358167,T_CD4_memory
385063,B
71324,T_CD4_naive
626947,T_CD8_memory
229152,T_CD4_memory
633930,T_CD4_memory
715706,T_CD4_memory
579585,T_CD4_memory
751730,T_CD4_memory
796310,T_CD4_memory
38108,T_CD4_memory
604415,T_CD8_memory
624339,T_CD4_naive
849796,T_CD4_memory
40555,T_CD8_memory
647843,T_CD4_memory
787057,T_CD4_memory
308369,T_CD4_memory
577178,T_CD4_memory
327293,T_CD4_memory
820253,T_CD4_memory
148673,T_CD4_memory
577550,T_CD4_memory
579051,T_CD4_memory
662093,T_CD4_memory
267508,T_CD4_memory
101957,T_CD4_memory
593696,T_CD4_memory
214038,T_CD4_memory
534782,T_CD4_memory
737915,T_CD4_memory
747480,Natural_killer
124411,T_CD4_memory
251699,T_CD4_naive
292371,T_CD4_memory
319212,T_CD4_naive
334097,T_CD4_memory
510797,T_CD4_memory
613853,Natural_killer
710256,T_CD4_memory
101866,T_CD4_naive
647027,T_CD4_memory
123508,T_CD4_memory
842271,T_CD4_memory
760093,T_CD8_memory
288782,T_CD4_memory
271153,Natural_killer
204400,T_CD4_memory
481222,T_CD4_memory
22588,T_CD4_memory
404127,B
817946,T_CD4_memory
722502,T_CD4_memory
872587,T_CD4_memory
411180,T_CD4_memory
673334,T_CD4_memory
33168,T_CD4_memory
313582,T_CD4_naive
407532,T_CD8_memory
782248,T_CD4_memory
677603,T_CD4_naive
132334,T_CD4_memory
800721,T_CD8_memory
865064,T_CD4_memory
556299,T_CD4_memory
856862,T_CD4_naive
138165,T_CD4_memory
524306,T_CD8_memory
747837,T_CD4_memory
768240,T_CD4_naive
644022,T_CD4_memory
730408,T_CD4_naive
145867,T_CD4_memory
600866,T_CD4_memory
54865,T_CD4_memory
226879,T_CD4_naive
426783,T_CD4_memory
216907,T_CD4_memory
177021,T_CD4_memory
449618,T_CD4_memory
799608,T_CD4_memory
24445,T_CD4_memory
305518,T_CD4_naive
807469,T_CD4_memory
488005,T_CD4_naive
868581,T_gamma_delta
200638,T_CD4_naive
771924,T_CD4_naive
702792,T_CD8_memory
713856,T_CD8_naive
138925,B
220433,T_CD4_naive
240625,T_gamma_delta
268805,T_CD4_memory
506896,T_CD4_memory
878125,T_CD4_naive
209633,T_CD8_memory
261397,T_CD4_memory
701043,T_CD4_memory
184824,B
696909,T_CD4_memory
752552,T_CD4_memory
265708,T_CD4_memory
837004,T_CD4_memory
118363,Natural_killer
644943,T_CD4_memory
204326,T_CD4_memory
416955,T_CD8_memory
441032,T_CD4_memory
25924,T_CD4_memory
387750,B
763911,T_CD4_memory
188698,Natural_killer
368918,T_CD4_naive
454964,T_gamma_delta
206210,T_gamma_delta
524801,B
736476,T_CD4_memory
742701,T_CD4_memory
784055,Natural_killer
33907,T_CD4_memory
206953,T_CD4_memory
725370,T_CD4_memory
235081,T_CD4_memory
756617,T_CD4_naive
840619,T_CD4_memory
606145,T_CD4_memory
727058,T_CD4_memory
464485,T_gamma_delta
545981,T_CD4_naive
206612,T_CD4_naive
213516,T_CD8_memory
755556,T_CD4_naive
869765,T_CD4_memory
870194,T_CD4_memory
245915,T_CD4_memory
297950,T_CD4_memory
703036,T_CD4_memory
168612,T_CD4_memory
803968,T_CD4_memory
193326,T_CD4_memory
754853,T_CD4_naive
863222,T_CD4_naive
21896,T_CD4_memory
822657,T_CD4_memory
191443,T_CD4_naive
412429,T_CD4_memory
206690,T_CD4_naive
689487,T_CD4_memory
668272,T_CD4_memory
811474,T_CD4_naive
605117,T_CD4_memory
760958,T_CD4_memory
115480,T_CD4_naive
193086,T_CD4_memory
737067,T_CD4_memory
774993,T_CD8_memory
110724,T_CD4_memory
683481,T_CD4_memory
474042,T_CD8_memory
592050,T_CD4_memory
876472,T_CD4_memory
13747,T_CD4_memory
441478,T_CD4_memory
570562,B
214282,T_CD4_memory
724260,T_CD4_naive
80804,T_CD8_memory
263361,T_CD4_memory
86331,T_CD8_memory
379691,Natural_killer
706269,T_CD4_memory
157271,T_CD4_memory
275642,T_gamma_delta
297776,T_CD4_memory
595395,T_CD4_memory
374379,Natural_killer
455820,T_CD4_naive
81130,T_CD4_memory
614618,T_CD4_memory
744444,Natural_killer
789112,T_CD4_memory
827900,T_CD4_memory
483576,T_CD8_memory
673697,B
721891,T_CD4_memory
758673,T_CD4_memory
822430,T_CD4_naive
741316,T_CD4_naive
161734,T_CD4_memory
875458,T_CD4_naive
153308,T_CD4_naive
763593,T_CD4_memory
406374,T_CD4_memory
831950,T_CD4_memory
688562,T_CD4_naive
827275,T_CD8_memory
855059,T_CD4_naive
743786,T_CD4_memory
248968,T_CD4_naive
454552,T_CD4_memory
599369,T_CD4_naive
405337,T_CD4_memory
687679,T_CD4_naive
179116,T_CD4_memory
503436,Natural_killer
560166,T_CD4_memory
724020,T_CD4_memory
767663,T_CD4_memory
877326,T_CD4_naive
742136,T_CD4_memory
129977,T_CD4_naive
309783,T_CD8_memory
829883,T_CD4_memory
35341,T_CD4_memory
267193,T_CD4_naive
689664,T_CD8_memory
795826,T_CD4_memory
245835,T_CD4_memory
362125,T_CD4_memory
436067,T_gamma_delta
485901,Natural_killer
690057,T_CD4_memory
747967,T_CD4_memory
794392,Natural_killer
236529,T_CD4_memory
482271,T_CD4_naive
703858,B
751400,T_CD4_memory
46299,T_CD4_memory
752383,T_CD4_naive
823903,T_CD4_naive
102175,T_CD4_memory
132643,T_CD4_memory
203178,T_CD4_naive
514772,T_CD8_memory
387178,T_CD4_memory
495432,T_CD4_memory
702871,T_CD4_memory
763402,Dendritic
829657,T_CD8_memory
559004,T_CD4_memory
697117,T_CD4_memory
768457,T_CD4_memory
757943,T_CD4_memory
233752,T_CD8_memory
683513,T_CD4_naive
373743,T_CD4_naive
505238,Natural_killer
722912,T_CD4_memory
6936,T_CD8_naive
604386,T_CD4_memory
499903,Natural_killer
578161,T_CD4_naive
671635,Natural_killer
851826,T_CD4_naive
882279,Natural_killer
859243,T_CD4_memory
362963,T_CD4_memory
311045,T_CD4_memory
653952,T_CD4_memory
759008,T_CD4_naive
666826,T_CD4_naive
198787,Natural_killer
307510,Natural_killer
624795,Natural_killer
844422,Natural_killer
83372,T_CD4_naive
741618,Natural_killer
340746,T_CD4_memory
344656,T_CD4_memory
656220,T_CD4_memory
367814,T_CD4_naive
852517,T_CD4_naive
17614,T_CD4_naive
592307,T_CD4_memory
662736,T_CD4_memory
763859,T_CD4_memory
46363,Natural_killer
93600,T_CD4_memory
634847,T_CD8_memory
262409,T_CD4_memory
356424,B
765262,T_CD4_memory
801238,T_CD4_memory
745066,T_CD4_memory
768031,T_CD4_memory
141668,T_CD8_memory
710930,T_CD8_naive
298610,T_CD8_memory
494696,T_CD8_memory
599585,Natural_killer
862286,T_CD4_memory
459675,T_CD4_memory
232528,T_CD4_naive
105367,T_CD8_memory
777746,T_CD4_memory
512833,T_CD4_memory
139278,T_CD8_memory
88067,T_CD4_memory
239533,Natural_killer
451823,T_CD4_memory
472260,T_CD8_memory
508839,Natural_killer
295165,T_CD8_memory
432110,B
43466,Natural_killer
836003,T_CD8_memory
396445,T_CD4_memory
473529,T_CD8_memory
704331,Natural_killer
191587,T_CD4_memory
242973,T_CD4_naive
372756,T_CD8_memory
761492,T_CD4_memory
873474,T_CD8_memory
118545,T_CD8_memory
239908,T_CD4_naive
240619,T_gamma_delta
486658,T_CD8_naive
606778,T_CD4_memory
828192,Natural_killer
120615,T_CD4_memory
311528,T_CD4_memory
572194,T_CD4_naive
598365,B
760233,T_CD4_memory
766692,T_CD4_memory
131181,T_CD4_memory
576821,T_CD4_memory
484535,T_CD4_naive
656819,T_CD4_memory
768781,T_CD4_memory
215429,T_CD4_memory
489071,T_CD4_naive
88148,T_CD4_memory
808795,T_CD4_memory
809978,Natural_killer
333079,T_CD4_memory
741683,T_gamma_delta
796164,T_CD4_naive
24339,T_CD4_naive
686365,Natural_killer
777891,T_CD4_naive
815783,Natural_killer
876014,T_CD4_naive
136300,T_CD8_memory
752712,T_CD4_memory
777085,T_CD4_memory
751514,Natural_killer
147354,T_CD4_memory
596606,T_CD4_naive
866066,T_CD4_memory
263156,T_CD4_memory
361536,T_CD4_memory
597512,T_CD4_memory
797952,T_CD8_memory
231257,T_CD4_naive
787201,T_CD4_memory
432030,T_CD4_naive
436643,T_CD4_memory
90506,Natural_killer
262609,T_CD4_memory
401371,T_CD4_memory
130031,T_CD4_naive
594362,T_CD4_memory
675979,T_CD4_memory
723727,T_CD8_memory
495314,T_CD4_memory
651976,T_CD4_memory
836331,T_CD4_naive
853675,T_CD4_memory
242388,T_CD4_memory
383198,T_CD4_memory
669143,T_CD4_memory
803735,Natural_killer
36093,T_gamma_delta
357038,Natural_killer
640020,B
807553,T_CD8_memory
414773,T_CD8_memory
875081,T_CD4_memory
57284,T_CD4_memory
789460,T_CD4_memory
225564,T_CD8_memory
216183,T_CD4_memory
758684,T_CD4_memory
875951,T_CD8_memory
111028,T_CD4_memory
319959,T_CD4_memory
876329,Natural_killer
519298,T_CD4_naive
698534,T_CD4_memory
771139,T_CD8_memory
872581,T_CD8_naive
383919,T_CD4_memory
794056,T_CD4_memory
828658,T_CD4_memory
861065,B
525683,T_CD8_memory
112898,T_CD4_memory
65405,T_CD4_naive
287157,T_CD4_naive
235160,T_CD4_memory
419127,T_CD4_naive
845367,Natural_killer
421563,T_CD4_memory
559597,Natural_killer
873750,T_CD4_memory
850297,T_CD4_memory
857884,T_CD4_memory
873623,T_CD4_memory
309130,T_CD4_memory
820400,T_CD4_memory
194780,T_CD4_naive
229771,T_CD4_memory
797904,T_CD4_memory
28631,T_CD4_memory
667867,T_CD4_naive
797128,T_CD4_naive
244017,B
592201,T_CD4_memory
638897,T_CD4_memory
729104,T_CD4_memory
606508,T_CD4_naive
820386,T_CD4_naive
527515,T_CD4_memory
582908,T_CD8_memory
814618,B
336392,T_CD4_memory
513669,T_CD4_memory
4000,Natural_killer
407233,T_CD4_memory
772139,Natural_killer
547977,T_CD4_naive
840007,T_CD4_memory
432009,T_CD8_memory
638030,T_CD4_memory
26746,T_CD4_memory
345336,T_CD4_memory
687470,B
711297,T_CD4_memory
243267,Natural_killer
878168,T_CD4_memory
33298,B
825474,T_CD4_naive
649719,T_CD4_naive
776980,T_CD8_naive
91882,T_CD4_naive
537194,T_CD8_memory
711926,T_CD4_memory
745760,T_CD4_memory
605618,T_CD4_memory
827729,T_CD4_memory
138455,B
557805,T_CD8_memory
760161,T_CD4_memory
815741,T_CD4_memory
183313,T_CD4_naive
673664,T_CD4_memory
294933,Natural_killer
483790,Natural_killer
387534,T_CD4_memory
490352,T_CD8_naive
46761,T_CD4_naive
302257,T_CD4_memory
742522,T_CD4_memory
770087,T_CD8_memory
804561,T_CD4_memory
197512,T_CD4_naive
697040,T_CD4_naive
131441,Natural_killer
554323,T_CD4_memory
669833,T_CD4_memory
35348,T_gamma_delta
156390,T_CD4_memory
854046,T_CD4_naive
287764,T_CD4_memory
545365,Natural_killer
764535,T_CD4_naive
876242,T_CD8_memory
705184,T_CD4_memory
777381,T_CD4_naive
356116,T_CD4_memory
41513,T_CD4_memory
664753,T_CD4_naive
613926,T_CD4_naive
789693,T_CD4_naive
264712,T_CD4_memory
294787,T_CD4_naive
273261,T_CD8_memory
436032,T_CD4_memory
294322,Natural_killer
822478,T_CD4_memory
301569,T_CD8_memory
582009,T_CD4_memory
194166,T_gamma_delta
354092,T_CD4_memory
31895,T_CD4_memory
163565,T_CD4_memory
557338,T_CD4_naive
114863,T_CD4_memory
838226,T_CD8_memory
337300,Natural_killer
596658,T_CD4_memory
122820,T_CD4_memory
649040,B
608207,T_CD4_naive
703067,T_CD4_naive
281355,Natural_killer
794323,T_CD4_memory
835369,T_CD4_memory
695925,T_CD8_memory
875293,Natural_killer
334346,T_CD4_memory
838849,T_CD4_naive
687325,Natural_killer
744184,T_CD4_memory
636492,T_gamma_delta
373341,T_CD4_memory
487739,T_CD4_memory
782038,T_CD4_memory
815798,T_CD4_naive
241509,T_CD4_naive
764052,T_CD4_naive
795976,Natural_killer
213973,T_CD4_memory
207329,T_CD8_memory
544702,T_CD4_memory
767878,T_gamma_delta
877322,T_CD4_memory
126842,B
834941,T_CD4_memory
853657,B
476868,T_CD4_memory
478687,T_CD4_naive
673439,T_CD4_memory
419532,T_CD4_memory
88708,Natural_killer
550589,T_CD4_memory
792825,T_CD4_naive
841464,Monocyte_classical
695963,T_CD4_naive
790437,B
882644,T_CD4_memory
745742,T_CD4_memory
235934,T_CD4_memory
412164,B
504511,T_gamma_delta
241984,T_CD4_naive
414035,T_CD4_naive
182870,T_CD8_memory
505791,T_CD4_memory
644653,Natural_killer
731218,T_CD4_memory
743721,T_CD4_naive
246883,T_CD4_memory
620349,T_CD8_memory
175356,T_CD4_memory
336969,B
218010,Natural_killer
327128,T_CD4_memory
208711,T_CD4_memory
334347,T_CD4_memory
75388,T_CD4_memory
515417,T_CD4_memory
213000,Natural_killer
6505,T_CD4_memory
442649,T_CD8_memory
247139,T_CD4_memory
302711,T_CD8_naive
770847,Natural_killer
483078,T_CD4_memory
369684,T_CD4_memory
855134,Natural_killer
35432,Natural_killer
118922,Natural_killer
732309,Natural_killer
777175,T_CD4_memory
807626,B
642822,Natural_killer
114226,Natural_killer
622358,T_CD4_memory
423176,T_CD4_memory
437093,T_CD4_memory
762551,T_CD4_memory
146645,Natural_killer
702271,T_CD4_naive
648567,T_CD4_memory
824561,T_CD4_memory
834027,T_CD4_memory
345431,T_CD4_memory
533781,B
479328,Natural_killer
649672,T_CD4_memory
100263,B
360060,T_CD4_memory
650230,T_CD4_memory
131177,T_CD4_naive
482041,T_CD4_naive
523232,B
641887,T_CD4_naive
744019,T_CD4_naive
568131,T_CD4_memory
132504,T_CD4_memory
155278,B
878027,T_CD4_memory
872211,T_CD4_naive
321912,T_CD4_memory
785513,T_CD4_memory
28233,T_CD4_memory
517178,T_CD8_memory
414840,Natural_killer
713887,T_CD4_naive
831819,T_CD4_memory
290616,Natural_killer
303899,B
320392,T_CD4_memory
81261,Natural_killer
419259,T_CD4_memory
767920,B
512159,Natural_killer
33675,T_CD8_memory
218109,T_CD8_memory
493010,T_CD4_memory
668572,Natural_killer
297238,Natural_killer
410296,T_CD4_memory
184770,B
234751,B
323375,T_CD4_naive
587516,T_CD4_memory
591239,T_CD4_naive
878493,T_CD4_memory
42322,T_CD4_memory
324075,T_CD4_memory
878758,T_CD4_naive
810430,Natural_killer
615766,T_CD4_naive
735476,Natural_killer
261793,B
607409,T_CD8_memory
653820,Natural_killer
502546,B
530823,B
605390,B
270405,B
415672,T_CD4_memory
439353,Natural_killer
544031,Natural_killer
858410,Natural_killer
861618,Natural_killer
28586,T_CD4_memory
359045,B
465662,T_CD4_memory
475151,T_CD4_memory
832875,Natural_killer
38059,B
804899,T_CD8_memory
821917,Natural_killer
132183,Natural_killer
211773,T_CD4_memory
611791,Natural_killer
225277,Natural_killer
332061,T_CD8_memory
711467,B
129459,B
295791,T_CD4_memory
350803,T_CD4_memory
426340,Natural_killer
248992,Natural_killer
494011,Natural_killer
113197,Natural_killer
295923,Natural_killer
599105,Natural_killer
69493,T_CD4_memory
613094,T_gamma_delta
238358,Natural_killer
342671,T_CD4_naive
820804,T_CD4_naive
48429,Natural_killer
160721,T_CD4_naive
167858,B
439436,Natural_killer
105046,B
700182,T_CD4_memory
741099,T_CD4_naive
764911,Natural_killer
862255,T_CD4_memory
176964,Natural_killer
193312,B
212019,B
277128,T_CD4_memory
354734,T_CD4_memory
366680,B
601942,T_CD4_memory
344540,T_CD4_memory
501602,B
620883,T_CD4_memory
417104,B
841824,T_CD8_memory
873189,T_CD4_memory
197565,T_CD4_naive
371850,B
398677,T_CD4_memory
465395,T_CD4_memory
224778,T_CD4_memory
288423,Natural_killer
325976,T_CD4_memory
420200,T_CD4_memory
798656,T_CD4_naive
110139,T_CD4_memory
298978,T_CD4_memory
590172,T_CD4_memory
788205,T_CD4_memory
792666,T_CD4_memory
8159,T_CD4_memory
287486,T_CD4_memory
464420,Natural_killer
252194,Natural_killer
301412,B
502620,B
627678,Natural_killer
17720,T_CD4_memory
240395,T_CD4_memory
214309,B
296982,Natural_killer
300983,Natural_killer
445518,B
827086,T_CD8_naive
65165,Natural_killer
575882,T_CD4_memory
107894,T_CD4_memory
151702,B
568379,T_CD4_memory
798959,Natural_killer
106938,B
126638,Natural_killer
423071,T_CD4_memory
484404,B
647520,Natural_killer
667157,T_CD4_memory
718301,Natural_killer
804261,B
60123,Natural_killer
69037,B
144607,Natural_killer
379046,T_CD4_memory
563631,T_CD4_memory
52877,T_CD4_memory
79179,Natural_killer
355145,B
394751,Natural_killer
658123,Natural_killer
35899,B
159742,B
403047,B
455450,B
560667,Natural_killer
597765,T_CD4_memory
707772,B
734750,B
856628,T_CD4_memory
130060,Natural_killer
247386,Natural_killer
446833,T_CD4_memory
841456,T_CD4_naive
864284,T_CD8_memory
120455,T_CD4_memory
219999,T_CD8_memory
426475,T_CD8_memory
514037,T_CD4_memory
596766,T_CD4_memory
700371,Natural_killer
786164,Natural_killer
56752,Natural_killer
151789,T_CD4_memory
221995,B
281231,B
376811,T_CD4_naive
452782,B
609935,Natural_killer
38759,T_CD4_memory
88894,T_CD4_memory
288194,B
538659,T_CD4_memory
787994,Natural_killer
38626,Natural_killer
259592,T_CD8_memory
366248,B
575554,Natural_killer
785251,B
200148,T_CD4_naive
353582,T_CD8_memory
484907,T_CD4_naive
491858,T_CD4_memory
696037,Natural_killer
756584,B
494193,B
512152,Natural_killer
98990,T_CD4_memory
151173,T_CD4_naive
200509,Natural_killer
263849,Natural_killer
378808,Natural_killer
410622,B
441204,T_CD4_memory
585628,T_CD4_memory
637825,B
761072,Natural_killer
162468,T_CD4_memory
584550,T_CD4_memory
624600,T_CD4_memory
745000,T_CD4_memory
752396,B
14836,B
170356,B
308557,T_CD4_memory
588545,Natural_killer
655598,Natural_killer
768293,T_CD4_memory
25536,T_CD4_naive
76794,T_CD4_memory
204425,T_CD4_memory
238217,B
301768,T_CD4_memory
318002,T_CD8_memory
473950,B
649493,Natural_killer
699464,T_CD4_naive
725119,B
727062,T_CD4_naive
733348,Natural_killer
196398,T_CD4_memory
361233,Natural_killer
450372,T_CD4_memory
458194,T_CD4_memory
461638,B
559114,T_CD4_memory
661544,B
666062,T_CD4_memory
775047,B
104560,Natural_killer
116624,Natural_killer
289673,T_CD4_memory
327591,T_CD4_memory
460998,T_CD4_memory
561831,T_CD4_memory
687221,Natural_killer
712704,T_gamma_delta
131534,B
247463,B
271230,B
627986,T_CD4_memory
111279,T_CD4_memory
479359,T_CD4_memory
557704,T_CD4_memory
586513,B
770303,T_CD4_memory
844241,T_CD4_memory
59296,Natural_killer
140943,B
161012,B
367445,T_CD4_memory
718368,B
760247,T_CD4_memory
855394,B
225191,T_CD4_memory
656939,T_CD4_memory
828913,Natural_killer
210841,T_CD4_memory
214948,T_CD4_memory
246448,T_CD4_memory
384860,B
434743,T_CD4_memory
538267,Natural_killer
544641,B
575689,B
640175,B
759507,T_CD4_memory
145324,T_CD4_memory
274361,B
306837,Natural_killer
331970,B
409437,Natural_killer
456157,T_CD4_memory
474081,T_CD4_memory
524477,T_CD4_memory
668770,T_CD4_memory
860466,T_CD4_memory
63143,B
74957,T_CD4_memory
226068,B
357735,T_CD4_memory
392022,B
592275,T_CD4_memory
756069,T_CD4_memory
798280,T_CD4_memory
204621,T_CD4_memory
226773,Natural_killer
553968,Natural_killer
595581,T_CD4_memory
660348,T_CD4_memory
774994,T_CD4_memory
100115,T_CD4_memory
178490,Natural_killer
183351,Natural_killer
191886,T_gamma_delta
210013,B
312279,T_CD8_memory
317949,T_CD8_memory
348820,B
408157,B
628181,Natural_killer
692802,T_CD4_naive
830047,Natural_killer
508265,B
619588,T_CD4_memory
626733,T_CD4_naive
700942,T_CD4_memory
249593,T_CD4_memory
306240,B
322429,Natural_killer
418670,Natural_killer
427389,T_CD4_memory
471170,T_CD4_memory
551455,T_CD4_memory
621710,T_CD4_memory
672523,B
836,T_CD4_memory
35113,T_CD4_memory
424095,T_CD4_memory
474914,T_CD4_memory
861132,T_CD8_memory
879125,Natural_killer
218102,B
298655,Natural_killer
574138,T_CD4_naive
605139,T_CD8_memory
615203,B
2215,B
32300,T_CD4_memory
150011,T_CD4_memory
241800,T_CD4_memory
254241,B
279494,T_CD4_memory
330635,T_CD4_memory
403359,B
577426,T_CD4_memory
736206,T_CD4_memory
196134,T_CD4_naive
416104,T_CD4_memory
422203,T_CD4_naive
427795,Monocyte_classical
548885,T_CD4_memory
587491,B
597967,B
621182,T_CD4_memory
858094,Natural_killer
50899,B
191038,T_CD4_memory
192382,Natural_killer
228152,B
312403,T_CD4_memory
565805,Natural_killer
881337,T_CD4_memory
87144,T_CD4_memory
426462,T_CD4_memory
538261,B
583055,T_CD4_naive
616460,B
255741,T_CD4_naive
347137,T_CD4_memory
356663,B
380368,B
396105,Natural_killer
407215,T_CD4_memory
410897,T_CD4_memory
477410,B
506150,T_CD4_memory
515379,B
523731,T_CD4_memory
622045,T_CD4_memory
765547,B
780235,Natural_killer
153274,T_CD4_memory
196851,T_CD4_naive
208697,T_CD8_naive
324307,B
382493,T_CD4_memory
405452,T_CD4_memory
437547,T_CD4_memory
507094,T_CD8_naive
606291,B
656762,Natural_killer
672984,B
713078,B
8670,T_CD4_memory
20117,T_CD4_memory
25867,B
78631,Natural_killer
99738,B
212411,Natural_killer
351375,T_CD8_naive
437668,Natural_killer
466353,B
493561,Natural_killer
51357,T_CD4_memory
143150,B
169838,B
206432,T_CD8_memory
232244,T_CD4_memory
233745,T_CD4_memory
257210,T_CD4_memory
393212,B
467731,B
600373,T_CD4_memory
795682,T_CD8_memory
299621,T_CD4_memory
369279,T_CD4_memory
565218,T_CD4_memory
738592,T_CD4_naive
240373,Natural_killer
263460,T_CD4_memory
304601,B
599383,B
633780,B
204759,B
414628,T_CD4_memory
625447,T_CD4_memory
315268,T_CD8_memory
567478,T_CD4_memory
732400,B
863903,B
122129,B
452521,T_CD4_memory
464867,Natural_killer
581569,B
613016,T_CD4_naive
561344,T_CD4_memory
838379,Natural_killer
839023,T_CD4_memory
110823,B
461471,T_CD4_naive
484389,B
736212,B
859634,B
